PROGRAM,DATASET,THREADS,PROCESSES,PARALLEL_TIME,SPEEDUP
serial,SMALL,1,1,167.18000000000000000000,1
pthread,SMALL,2,1,87.95000000000000000000,1.90085275724843661171
pthread,SMALL,4,1,87.56000000000000000000,1.90931932389218821379
pthread,SMALL,8,1,89.31000000000000000000,1.87190684133915574963
pthread,SMALL,16,1,91.10000000000000000000,1.83512623490669593852
